source_type,source_name,source_url,document_name,supplier_raw,supplier_normalized,payment_date,financial_year,amount_gbp,description,matched_alias,alias_score,classification,classification_reason,confidence
procurement,Tender/Award Disclosure,data/raw/procurement/sample_awards.csv,sample_awards.csv,INSERT OPERATOR LTD,insert operator ltd,2023-12-01,2023/24,250000.0,Capital works and plant replacement leisure site,INSERT OPERATOR LTD,100,Capital / One-off,Matched keyword rule,0.8
operator_financials,Operator Financial Filing,data/raw/operator_financials/sample_operator_metrics.csv,sample_operator_metrics.csv,INSERT OPERATOR GROUP,insert operator group,,2024/25,15000000.0,turnover from filing,INSERT OPERATOR GROUP,100,Unknown,Positive payment without keyword match,0.5
operator_financials,Operator Financial Filing,data/raw/operator_financials/sample_operator_metrics.csv,sample_operator_metrics.csv,INSERT OPERATOR GROUP,insert operator group,,2024/25,2300000.0,operating_deficit from filing,INSERT OPERATOR GROUP,100,Operating Subsidy,Matched keyword rule,0.8
council_transparency,Council Transparency Payment Export,data/raw/transparency/sample_payments.csv,sample_payments.csv,INSERT OPERATOR LIMITED,insert operator limited,2024-04-15,2024/25,120000.0,Monthly management fee leisure contract,INSERT OPERATOR LIMITED,100,Management Fee,Matched keyword rule,0.8
council_transparency,Council Transparency Payment Export,data/raw/transparency/sample_payments.csv,sample_payments.csv,INSERT OPERATOR LTD,insert operator ltd,2024-05-15,2024/25,120000.0,Monthly management fee leisure contract,INSERT OPERATOR LTD,100,Management Fee,Matched keyword rule,0.8
council_transparency,Council Transparency Payment Export,data/raw/transparency/sample_payments.csv,sample_payments.csv,INSERT OPERATOR TRUST,insert operator trust,2024-06-22,2024/25,45000.0,Energy support grant,INSERT OPERATOR TRUST,100,Energy Support,Matched keyword rule,0.8
council_transparency,Council Transparency Payment Export,data/raw/transparency/sample_payments.csv,sample_payments.csv,INSERT OPERATOR LIMITED,insert operator limited,2024-09-10,2024/25,300000.0,Emergency support package leisure centre,INSERT OPERATOR LIMITED,100,Emergency Support / Bailout,Matched keyword rule,0.8
council_documents,Council Cabinet/Budget Document,data/raw/council_docs/sample_structured_report.csv,sample_structured_report.csv,INSERT OPERATOR LIMITED,insert operator limited,2024-11-20,2024/25,80000.0,Operating subsidy approved by cabinet,INSERT OPERATOR LIMITED,100,Operating Subsidy,Matched keyword rule,0.8
council_transparency,Council Transparency Payment Export,data/raw/transparency/sample_payments.csv,sample_payments.csv,INSERT OPERATOR LIMITED,insert operator limited,2025-01-15,2024/25,125000.0,Monthly management fee leisure contract,INSERT OPERATOR LIMITED,100,Management Fee,Matched keyword rule,0.8
